,missed_zone
0,AZZ022
1,AZZ023
2,AZZ020
3,AZZ025
4,CAZ031
5,AZZ002
6,AZZ036
7,CAZ027
8,CAZ028
9,CAZ029
10,NVZ017
11,NVZ020
12,NVZ021
13,NVZ022
14,CAZ513
15,CAZ516
16,CAZ092
17,ORZ041
18,WAZ024
19,WAZ505
20,WAZ509
21,WAZ516
22,WAZ517
23,WAZ507
24,CAZ523
25,CAZ525
26,CAZ526
27,CAZ527
28,CAZ046
29,CAZ051
30,CAZ038
31,CAZ044
32,CAZ045
33,CAZ047
34,CAZ088
35,CAZ036
36,MNZ007
37,MNZ015
38,MNZ028
39,MNZ030
40,NDZ054
41,CAZ094
42,CAZ098
43,CAZ099
44,SDZ013
45,CAZ048
46,CAZ055
47,CAZ056
48,CAZ058
49,CAZ060
50,CAZ061
51,CAZ062
52,UTZ019
53,GAZ117
54,GAZ139
55,GAZ141
56,SCZ049
57,SCZ051
58,PAZ045
59,PAZ046
60,NJZ027
61,NYZ009
62,PAZ072
63,NJZ004
64,NYZ071
65,NYZ078
66,NYZ080
67,NYZ064
68,LAZ055
69,CTZ009
70,CTZ010
71,CTZ013
72,NYZ066
73,MAZ012
74,MAZ014
75,NHZ012
76,RIZ002
77,RIZ004
78,ORZ005
79,ORZ009
80,ORZ010
81,ORZ012
82,WAZ022
83,WAZ023
84,ORZ504
85,WAZ026
86,CAZ514
87,CAZ063
88,CAZ066
89,CAZ043
90,CAZ057
91,NCZ103
92,NCZ104
93,MNZ033
94,OHZ089
95,PAZ001
96,MIZ084
97,MNZ035
98,SCZ004
99,NYZ005
100,NYZ010
101,MDZ025
102,NCZ102
103,NYZ079
104,CTZ011
105,CTZ012
106,MAZ016
107,MAZ019
108,MAZ020
109,MAZ021
110,MAZ026
111,MAZ002
112,MAZ008
113,MAZ009
114,MAZ001
115,NYZ038
116,NYZ039
117,NYZ043
118,NYZ048
119,NYZ050
120,NYZ051
121,NYZ053
122,NYZ059
123,NYZ060
124,NYZ083
125,VTZ015
126,NYZ028
127,NYZ035
128,NYZ026
129,NYZ027
130,MEZ023
131,NHZ014
132,MEZ024
133,NHZ004
134,NHZ005
135,AZZ031
136,LAZ063
137,LAZ064
138,LAZ065
139,AZZ033
140,ORZ001
141,ORZ002
142,MNZ023
143,MNZ026
144,GAZ154
145,GAZ166
146,LAZ067
147,LAZ068
148,ALZ063
149,ALZ064
150,FLZ002
151,FLZ004
152,FLZ005
153,FLZ007
154,GAZ044
155,ORZ014
156,CAZ509
157,CAZ529
158,CAZ530
159,CAZ528
160,CAZ034
161,COZ038
162,COZ042
163,COZ046
164,CAZ520
165,FLZ144
166,FLZ147
167,FLZ068
168,FLZ074
169,FLZ168
170,FLZ172
171,FLZ173
172,FLZ069
173,TXZ256
174,TXZ257
175,AZZ005
176,AZZ006
177,DEZ004
178,NJZ014
179,NJZ024
180,NJZ025
181,NJZ026
182,TXZ079
183,NMZ520
184,NMZ540
185,NMZ509
186,NMZ517
187,SCZ052
188,NYZ029
189,VTZ016
190,VTZ017
191,VTZ018
192,VTZ019
193,CAZ547
194,FLZ108
195,FLZ114
196,FLZ118
197,FLZ127
198,FLZ128
199,FLZ134
200,CAZ548
201,MEZ011
202,MEZ031
203,MEZ032
204,MEZ013
205,MEZ014
206,MEZ028
207,LAZ071
208,NJZ103
209,NJZ106
210,NJZ108
211,SCZ056
212,SCZ054
213,CAZ030
214,AZZ501
215,AZZ505
216,AZZ504
217,AZZ507
218,AZZ511
219,WIZ021
220,WIZ073
221,NCZ506
222,NCZ106
223,NCZ108
224,NCZ110
225,NEZ005
226,MNZ017
227,MTZ062
228,MIZ014
229,PAZ074
230,PAZ076
231,PAZ018
232,MDZ501
233,WVZ501
234,WVZ503
235,NYZ177
236,NMZ033
237,NMZ034
238,TXZ261
239,TXZ262
240,SDZ030
241,LAZ073
242,SDZ025
243,SDZ026
244,SDZ027
245,SDZ072
246,SDZ074
247,ORZ022
248,AZZ001
249,PAZ102
250,PAZ104
251,PAZ106
252,AZZ024
253,CAZ519
254,CAZ521
255,NVZ018
256,NVZ019
257,TXZ418
258,NVZ040
259,UTZ021
260,CAZ059
261,CAZ070
262,IDZ007
263,IDZ008
264,IDZ009
265,MTZ005
266,ORZ064
267,IDZ003
268,WAZ041
269,WAZ043
270,CAZ081
271,CAZ082
272,CAZ083
273,ORZ028
274,NVZ036
275,MNZ011
276,MNZ020
277,MNZ021
278,TXZ423
279,TXZ424
280,ORZ015
281,ORZ016
282,WAZ045
283,WAZ046
284,WAZ555
285,WAZ556
286,WAZ558
287,CAZ065
288,MDZ508
289,ALZ262
290,ALZ263
291,ALZ265
292,ALZ266
293,FLZ202
294,FLZ204
295,FLZ206
296,VAZ509
297,VAZ512
298,VAZ518
299,VAZ519
300,VAZ522
301,MDZ503
302,MDZ505
303,FLZ124
304,FLZ125
305,CAZ552
306,NMZ404
307,NMZ406
308,NMZ410
309,NMZ412
310,NMZ413
311,TXZ420
312,TXZ421
313,NMZ027
314,TXZ258
315,NMZ525
316,CAZ041
317,NEZ096
318,ORZ025
319,AZZ532
320,CAZ566
321,CAZ567
322,AZZ534
323,AZZ537
324,AZZ539
325,AZZ540
326,AZZ541
327,AZZ542
328,AZZ543
329,AZZ544
330,AZZ546
331,AZZ548
332,AZZ549
333,AZZ550
334,AZZ551
335,AZZ553
336,AZZ554
337,AZZ559
338,AZZ545
339,AZZ547
340,AZZ556
341,AZZ555
342,AZZ531
343,AZZ535
344,AZZ552
345,AZZ560
346,AZZ561
347,AZZ562
348,AZZ530
349,CAZ569
350,CAZ561
351,CAZ562
352,CAZ564
353,CAZ568
354,AZZ557
355,AZZ558
356,AZZ563
357,AZZ038
358,AZZ008
359,AZZ512
360,AZZ513
361,AZZ514
362,UTZ029
363,COZ006
364,NMZ503
365,NMZ505
366,NMZ507
367,NMZ502
368,ORZ027
369,CAZ106
370,CAZ108
371,CAZ111
372,CAZ113
373,CAZ039
374,MTZ060
375,MTZ059
376,MTZ061
377,FLZ174
378,CAZ084
379,ORZ029
380,CAZ014
381,CAZ104
382,CAZ112
383,WAZ503
384,WAZ506
385,WAZ515
386,CAZ096
387,CAZ563
388,CAZ040
389,CAZ101
390,CAZ103
391,CAZ109
392,CAZ087
393,CAZ035
394,TXZ317
395,SCZ059
396,TXZ342
397,TXZ343
398,TXZ353
399,NMZ521
400,NMZ522
401,TXZ300
402,TXZ313
403,TXZ337
404,NHZ001
405,MEZ003
406,MEZ002
407,MEZ005
408,MEZ006
409,CAZ560
410,IDZ024
411,NVZ038
412,TXZ344
413,TXZ437
414,TXZ438
415,TXZ335
416,TXZ336
417,TXZ436
418,TXZ346
419,ORZ502
420,WAZ030
421,MTZ010
422,MTZ049
423,IDZ029
424,MTZ057
425,MTZ058
426,IDZ057
427,MTZ040
428,MTZ056
429,MTZ063
430,MTZ064
431,MTZ065
432,MTZ066
433,FLZ133
434,FLZ138
